txHash,tokenId,withPrice,withPriceUsd,timestamp
0x180d6d840775c685950fcc2c16b28985b962c37ea45c1014bba348267da00649,1004012,"0,00295","5,17",2023-06-10 17:27:11
0xab2cd47b652876534b55a20f54c80a0128135d67ee725f55b64afe58c275d41e,1004014,"0,0145","25,4",2023-06-10 17:35:02
0xbb60463fa4ef783ecffebf22056351eeac3d64f330334a50c66fe63db8e0e62e,1004049,"0,01915444","33,55",2023-06-10 17:37:08
0x36616e0bdc00a0d62db41968b770b9e474dcf7dbf8777d1425ea344b762df497,1004062,"0,03675","64,37",2023-06-10 17:40:08
0xd43de31b0951ead73900e6e4c871c94d3123285849f7556c093c9a7db5795e8c,1004046,"0,0028","4,9",2023-06-10 17:47:14
0x16872e992ac343072c08eca7ec22fab6600bd8a52431414c5b7556bb9defcbb1,1004006,"0,01207","21,15",2023-06-10 18:29:26
0x97f52fbd1c007a10a03f5d4f78f73a347972efaaa6c446b789e7057b28a86375,1004014,"0,0146","25,59",2023-06-10 18:26:32
0xe0af26f78bb39ba6c48a92c05b023d0348b8445ecff926446d9b9459593a14c7,1004034,"0,02015","35,31",2023-06-10 18:22:38
0x74b38990e4273d1b6d7ee5f8453f01a1be358dc6de28c07a01067e7014e5627c,1004041,"0,0123","21,55",2023-06-10 18:16:32
0x2f254ee62b7135e955a2ab212434b653e386c0393a68c6fd26ce72217dcd9bfd,1004009,"0,00065","1,14",2023-06-10 18:16:14
0x6f4e7c58ebc26da44a9d490d54d22befc70201c71d30872bac9b1879a4ff5e03,1004068,"0,00329932","5,78",2023-06-10 18:14:56
0x62428d1d416ec27acaf25665362e59e36fcdbdd95c136878f7f5ece3b22f2433,1004048,"0,02285999","40,06",2023-06-10 18:11:17
0xb859b731996087d95d7863a473ac0f1958ef4671d119c74ccec61e753aeaf9f1,1004015,"0,00026","0,46",2023-06-10 17:59:05
0xb214df5651589e7fe9d889f921b73cbac732d498707b478d7c432c413752863c,1004033,"0,00314","5,5",2023-06-10 17:47:47
0x95b0eb20b71c89df6b8e887ee301fda5145b27092ecf292e1316e9ec959ed636,1004056,"0,04665254","81,69",2023-06-10 19:00:11
0xe8509173edae7a7dca109841d062dea92495e7ecf04992ba4cbaf220c2313379,1004065,"0,00064","1,12",2023-06-11 01:17:08
0x1d51a0130df28850e098db659a49e2ddc7af0b9378e1140f280bbb927b9ab813,1004055,"0,0137","23,99",2023-06-11 01:12:23
0x59fa0899f4fbe5483ac72c12de39ed2cc4f784f5b468bd04ce3ac4bed8e971e3,1004029,"0,00055","0,96",2023-06-11 01:09:44
0x0c312f68447803566e3be406c0ecd315e6d32138738bf93c437d24c032eb0c52,1004060,"0,00319","5,59",2023-06-11 01:04:17
0x5c7f1a93c739145ce620256b5cac2b9cc50ee3153663b44f120323e6d479086e,1004039,"0,002959","5,18",2023-06-11 01:02:41
0x8b2d411460ef85d47cce70e1aa3f729e8db6915a5dbf2112cf533cbde0bdc4b4,1004068,"0,003","5,25",2023-06-11 01:01:17
0x4a1ec6177bd610722b96ac0b356ae7194dfae3052aafe6c61d556045c95371ce,1004066,"0,003029","5,3",2023-06-11 01:00:47
0x235871283e2a9c8535918cccf15b064c1fa8591fe43f8e93a74d5c129831e469,1004013,"0,0189","33,09",2023-06-11 00:54:44
0xa76d20ecc8de7180ef76ad9960ec3a95894b46526aa20a6cc82f17ea8dfd83cc,1004012,"0,00312141","5,47",2023-06-11 00:46:44
0x611970c628802000479fbe940595649bee916f2119f615551cf45a2389121ae7,1004062,"0,03363","58,89",2023-06-11 00:41:59
0x812c3791d59b609132984d0d8ef24560beacfac69417cc8e3a45e30ae7a2e36b,1004027,"0,0093","16,28",2023-06-11 00:33:53
0xf527fa3a2a68fdf307f56bdb37f40a32029a64dfc1828a1761d77daa7a0fde54,1004053,"0,003","5,25",2023-06-11 00:32:11
0x51fbe7dc8938c4ad1f5378cc70853d4aa7317cc8f08cbc17b99d35ce6e7bb0e8,1004005,"0,0030699","5,38",2023-06-11 00:28:23
0x106cf49650269a7f796d0ce2341c6559cc79ddb4fb35e2c85bfc092144b14a2f,1004013,"0,01839523","32,21",2023-06-11 00:28:05
0x24e8ffca07ec6619dff6618bc066f8369b2d3b0d91546f4391e1fc97d5b57d2f,1004020,"0,04247","74,37",2023-06-11 00:23:59
0x53315640368ee0f7e69e8d4ac49fc54df1b0cabe268eecdb79cba5f9581f0f9e,1004046,"0,002819","4,94",2023-06-11 00:23:35
0x91d819b9d5dac183dedfb4a5fe39017e8e25aafc6bd851c0c4d34b93e40b0a47,1004018,"0,00314823","5,51",2023-06-11 00:20:53
0x275aa22681273dc8e94e777a79c20aca73a282a57a71cbdce5cc19a6844c2cb2,1004048,"0,0266","46,58",2023-06-11 00:11:50
0x751a64e40db8ebf3178261a7bb3cbc00a93003b049e8ec5cdcf5c32a9bebda9b,1004048,"0,024","42,02",2023-06-11 00:03:17
0x71d9ceef7bae13b529ab12bb32a12c482a33876ba698617e8eec90a742ce1e42,1004069,"0,03","52,53",2023-06-11 00:02:41
0x8c810661a8ef2b2d2ae7c5b76e0ec812b1d0c0df6cafcae4e31e6ee449c695c4,1004020,"0,04278","74,91",2023-06-11 00:02:32
0x06b5b27359976c5f47f643ee1764be8d860139c85527ef111aff50eda131b099,1004013,"0,018","31,52",2023-06-11 00:00:32
0xbe3b70b52f052b6712af6eb361b8b790e762b851d76e312100ab42bec7cdc606,1004021,"0,00976844","17,1",2023-06-10 23:58:26
0xd4671631c4411a6001ddd313e80a585e2aa77b95b32f041c82b474796f0faf9e,1004048,"0,02284","39,99",2023-06-10 23:57:29
0xb31fb69fdffa377420dcc7debb742c6e6be43fce4a7902fb7156d06d90318074,1004005,"0,00306","5,36",2023-06-10 23:56:26
0xa746f1b35a1ce6c03b4854337d8e0db94e8e411c985a539f9f064df10e215e0f,1004066,"0,00303","5,31",2023-06-10 23:55:38
0x28bcbce74f9c6548d35c9c48158ff313c2419f02e4e52c61fae1337d9bf490bb,1004069,"0,0296907","51,99",2023-06-10 23:51:56
0x3c5ffc78af8e5d2d6dcd45499a1dc4ecb2e836a574774e5cbb2b97eec120a0f4,1004039,"0,00286106","5,01",2023-06-10 23:46:53
0xd69b287fde68f590154159bbcdc7ff64dd6c9652990f55a36db0419102cfb4d9,1004018,"0,00315","5,52",2023-06-10 23:30:56
0xba797b51001794acc3ffa867998756b81ee3781f7f605c8e13caa2743bd84a04,1004042,"0,008868","15,53",2023-06-10 23:27:02
0x6fad47c03271bfbf6c6837c55d10fc3db5780f16d5d658104ea4967da4cc3b7d,1004017,"0,0032","5,6",2023-06-10 23:25:44
0xf774eedbebecb363e587cc1102b7882ec64abce90e4f60c9e9f6280e52049493,1004062,"0,0336287","58,88",2023-06-10 23:22:47
0x4fff5f17960f7474be6764e8a1f68a3cad71562d1d5ff45c0626f577e44ec56a,1004013,"0,01862344","32,61",2023-06-10 23:21:50
0xc0f9240efb7dba67162fc73fe76df783603bdd0a9e030562cefc09325ae63e09,1004017,"0,00315","5,52",2023-06-10 23:20:08
0xa3ef33923f1706f977b569e64646b4f0244cd9af96311c9ec44c2e4b2e076cbc,1004041,"0,0118788","20,8",2023-06-10 22:54:56
0xccd6bcdbd1ad3c919b753b3fa063f72bfc5243b9a40337be0ae8e62bb8a9cfa6,1004011,"0,0029899","5,24",2023-06-10 22:52:41
0x4284ed843e404bda13eb38e2d5060ec2628503002e009e428ff0c65ce6abfa5e,1004034,"0,03","52,53",2023-06-10 22:49:02
0xb13c47b79055debad5ad38113b2fb5d4972a55dd308a170175c857c29e615fb8,1004061,"0,00305","5,34",2023-06-10 22:45:08
0x3f1e0e6953133922853c61ce232f08b640964ff40576d06dad0dc9f2303f79a6,1004034,"0,025","43,78",2023-06-10 22:42:20
0x1c7f05a91e7fb64835ec51e73bb33887f1ec715b8f21286aa0d72e60f3a21e31,1004048,"0,02283","39,98",2023-06-10 22:41:05
0xd04c39b5349bc133301c2eef7587af300ad4d6ca7ce71c7c5a0502c23ff23797,1004047,"0,0033","5,78",2023-06-10 22:40:41
0xd2275baf31c2e0120696ca2782eb0accd449be161ada4140f30947134f8a7e55,1004018,"0,00314889","5,51",2023-06-10 22:40:38
0xa569a5f1305505cf4e85cecc3f0f41d1340d3cf7df3eb335a390323155cb294f,1004062,"0,0336","58,83",2023-06-10 22:37:29
0xdd5a29f7a346cf97260b0eb86bd60e35799e719390500037505243d443fe39c2,1004066,"0,00309","5,41",2023-06-10 22:30:11
0x41ccb2ebab3994ff886de37a6da37cf21d38714f9620e8e67fc8c1082b3b7766,1004048,"0,02282","39,96",2023-06-10 22:26:05
0xc3205e6f978cbe803c85ec94dd90b1db6730b755452e41096f8f21a690b1e04c,1004034,"0,024","42,02",2023-06-10 22:20:26
0x583f6d93f3c0528c49dc5067cf3fc9b7a67c44416ead777208d688ffff6fa717,1004047,"0,00329999","5,78",2023-06-10 22:17:56
0xb6aff78ab2680b2248c43f4dfceb8a6c3012f4978be4da527b3c8ea71e603866,1004007,"0,008","14,01",2023-06-10 22:17:35
0x453ad1e960d96b2dbcd9f3acad8e0afeb1f4d8357c5ba911dca70b5b3b6c13e5,1004028,"0,0085","14,88",2023-06-10 22:11:02
0x00162d3b19aef8b568ab658b94627b1d2ea24b53c0a600213d7764bd0a2ee485,1004001,"0,00031","0,54",2023-06-10 22:08:17
0x85d8579114ce62ab96d6a4d39b694c5c61e81c8f8b22009da13bbe9667881cb5,1004048,"0,02","35,02",2023-06-10 22:03:14
0xb5aa6bfbed3d8433d21236d3b1c195d4e1f9706db22342d16c744fdce65b042f,1004021,"0,00983846","17,23",2023-06-10 22:00:11
0x0256154fb6294d5884299c9d8046ab9d6393f43022826d00ee2196d487290432,1004047,"0,0033","5,78",2023-06-10 21:56:35
0xc3f9f59521d16d5b4af726a6b0969e19288cfa209ee766a2c169e7803aec26ec,1004042,"0,0084","14,71",2023-06-10 21:53:59
0x074d301330232ed288979573109e349004b7f7a83cb7232b31d249868f4e0391,1004013,"0,01862728","32,62",2023-06-10 21:51:29
0x152765361fa4d42b7ca1ebbcc22141f7533b313dd42f19baa4cc7dc27a92bb22,1004031,"0,0029","5,08",2023-06-10 21:50:56
0xa2cef3e205634c7fac5ccd54fdebf76b63cdd0345e1ec0493066f1614d22ed61,1004060,"0,003","5,25",2023-06-10 21:50:41
0xf647072e5f88b9b4451609ab2370462ba56f64590cbad64d04d161eae557444d,1004017,"0,00282611","4,95",2023-06-10 21:40:20
0x834512f060c9453063a89e251ca5a17ba4a99e898a4cd36354512b90db7b6351,1004005,"0,003449","6,04",2023-06-10 21:37:32
0x82ac0d5eab97d883c15bc3aafdd0eda24428ca2fb8cd901ce58b3f155a017027,1004012,"0,003","5,25",2023-06-10 21:33:05
0xcdc6e75eeb633ac5bda5c1fe9feb47450081e4591f3a37ed86ddb3840786a2ed,1004042,"0,00834501","14,61",2023-06-10 21:32:26
0xc1adea7b6c04f1fb2e8b8e188a631c8ec4aa8803300757eb3133fd9a044cca19,1004042,"0,0081","14,18",2023-06-10 21:31:14
0xdcc47168c9cb1107e781f7f9e21fd3a62e2d1ab9ada4540c0ea7839ebffb3cb6,1004056,"0,0467","81,77",2023-06-10 21:29:50
0xb634115cc387b29cdd350d3dcd00f74887258dce2f3802aa6b38d36a56de0e13,1004017,"0,00278156","4,87",2023-06-10 21:28:41
0x4fbf458aae6303798932e78ef5c5ce9f53afffec44c0be6019adab944714dccf,1004060,"0,003","5,25",2023-06-10 21:27:44
0x0e61299ef0c9674aae9cd973b56bb9183de5f92a53921467344361d0dfd1bad9,1004052,"0,00209212","3,66",2023-06-10 21:27:20
0xa0e901d4a940b77ed509185d41592acbdf9ba9fa1cb1dbf197afe662de6295c3,1004053,"0,003062","5,36",2023-06-10 21:27:11
0x2a726a24d44712795be9047029b9598e62623b0167ec80c20e3a0d399d92dded,1004038,"0,00317","5,55",2023-06-10 21:26:32
0x0f3fc4d0a175750ba1f58ef35e34a78fc131b467a9dbda91ce2fc60c98575d55,1004017,"0,0026","4,55",2023-06-10 21:25:08
0xd7a3a821fe485bb63c3d0f64b8aa3ba26d6de845853cb7de5721b80ca1f95bc8,1004055,"0,01319","23,1",2023-06-10 21:19:14
0xf4ac24a3f3a597420379aa2f81ee5f00cf5fa77ba50f184900e10022e3d3595f,1004055,"0,0131516","23,03",2023-06-10 21:16:35
0xbe40771522921629be1ddc2fb08c12d109d4e5c1aa1e11204f3f14475dfbaf5b,1004062,"0,0349","61,11",2023-06-10 21:09:20
0x20c22de800765b6b2fa7d319472860476fe7d4d1c81e227e98105cb67e95c372,1004021,"0,00944737","16,54",2023-06-10 21:08:53
0x6249f5f17fe630b6d38c69799c65680a727e85f2a4488b18b85bca6ad6351c92,1004018,"0,00317","5,55",2023-06-10 21:05:02
0xa787a14bb5cbf81821b9c5e524d1aa1450592f1ebb3859b5550f0c8942fb68cf,1004045,"0,003","5,25",2023-06-10 20:55:23
0xaa8ee46474544e23bf31451d063d601c17db86fedf76e500b6588ab0cafe541a,1004056,"0,045","78,8",2023-06-10 20:52:38
0x37a1215d63ef4c42f89f3d1b5a477a643bc84ca67c12e123fe3e26d041cdfb85,1004009,"0,000679","1,19",2023-06-10 20:50:26
0x19ba6b57453d76f04cef4d5d5e5587744b5fce75eee392e8bc773df75767ea40,1004047,"0,00329","5,76",2023-06-10 20:49:02
0x6bca1192771978326fb195736fb850635a9bdd6323c9f6f67829bfd9a1f59fa2,1004009,"0,00067852","1,19",2023-06-10 20:04:14
0x096a1f07a196450217c7058df468700fc4b0090944c07c932618add98b17f444,1004009,"0,00066","1,16",2023-06-10 20:03:29
0xf1798f12e0618abae4a0d95b8421fbbf80eb5e42dfd9d1090ef43903f746d671,1004065,"0,00062108","1,09",2023-06-10 19:53:38
0x6aa6fcbfe2e22da337f4ae7f5a6f8294244ccba715968649c3e1d0b19e9cd873,1004014,"0,0147","25,74",2023-06-10 19:53:20
0xb4e8b0c67424e27430a6971c97b9ca37673d85c45f296329224e3d64b5ca388f,1004048,"0,022836","39,99",2023-06-10 19:53:11
0x92de52dbf0e7047d03904eac090d4bac7329e1c68989346bb1e6c2676e586e7b,1004062,"0,03679999","64,44",2023-06-10 19:51:47
0xf48fde34790e346e896f880a00b24b83a17e97de8ae4f890051ed8419d89449a,1004020,"0,04891794","85,66",2023-06-10 19:51:23
0xce398ac9398ac51c3d39c70f974f3c40dbca5e9fb9478cb9d7f25fd6b2bc68e7,1004009,"0,00065","1,14",2023-06-10 19:50:59
0x79ce5c52dc48b5f337315c6b35de4a364c85e343f8f7291d5b4035a94dc49522,1004049,"0,02","35,02",2023-06-10 19:47:11
0xf340461b3881ccb2cd504a5e1560216d5acd816eedbbc0697bf8f03aa9ae0b24,1004036,"0,00054","0,95",2023-06-10 19:44:14
0x0b40e7e8003ad8002fe74956106db1fead73994b4675ac04794d2612e8f06b18,1004065,"0,00059795","1,05",2023-06-10 19:39:32
0xe2bb5f028224b1c894270626ef7e68be591fb69bad3e062972bcbaa31e99134f,1004034,"0,0239","41,85",2023-06-10 19:36:20
0xbc0bcb9d5781d1ceeb1cf416172aa1f2178a3078b33259c55fd8cfb57be53f13,1004012,"0,002998","5,25",2023-06-10 19:34:41
0xf9af62f951ea66cda774993a05013887bf1092d0b04b8da440be2a0e56920e3c,1004034,"0,02389","41,83",2023-06-10 19:34:20
0xf4a5cfe142d135fd6a016cf8e2665a6cfb7c9116bd1ae5ecb31333cc3f59da17,1004063,"0,013","22,76",2023-06-10 19:27:29
0xa8f06ec2588a79843fa35f99fe33bd49c58ff142d13f03609040e91bd5ac3d81,1004049,"0,02","35,02",2023-06-10 19:27:29
0x9837aa19d60c89cf1f30241680a4fdfcc4081fe0addbf30d5cdcdbed86bbd73e,1004013,"0,023","40,27",2023-06-10 19:23:44
0xd5854f2c848c532c71ec5cae249834733b48b416c70466df019b92d4fe704a1d,1004066,"0,00333425","5,84",2023-06-10 19:14:38
0x212a4b013eb9c0d71dc2147c0110910d3a87fa48ebe6dc61617629fde09c920e,1004049,"0,0193","33,79",2023-06-10 19:12:38
0xc38f55fbda4e38fbe391e412f4a86dc0f0cc2605e20236058851ea2b3c644fb9,1004034,"0,022","38,52",2023-06-10 19:12:08
0xa7634701d17c5ace47242e914426c17fc0e17934b57bb043cb7c7dafd2ae6698,1004039,"0,00135","2,36",2023-06-10 19:10:26
0x9c77ae8c91d466ce1ad5b1fd1a327636a1f7eacad575a26fef48da9e355bf033,1004062,"0,034671","60,71",2023-06-10 19:00:20
0x9ca1d703675d042d2f08f8320f079e1c703cf3a83488f287c4f06fb6bc3cf629,1004006,"0,01112","19,41",2023-06-11 13:05:38
0x8c61ad14b1796898a84f0c7dc3f5829d1f1c6bef3633e307b239c098a77251b6,1004039,"0,00303","5,29",2023-06-11 13:00:26
0xc7fa447e975656e7da17b6cea5be3580ad657f0d9ed4193bf62681e5b05ce758,1004042,"0,0087","15,19",2023-06-11 12:57:38
0x603d10b707a41d1e2253d044783be0ebef5a528138ee01f4c29228ce534fc5b0,1004001,"0,00032","0,56",2023-06-11 12:53:29
0xa78337610232591c2cd6447caf62c864b4c40b77561c3c5473a5744799fd4fef,1004013,"0,03148812","54,97",2023-06-11 12:52:47
0xf2083a5947d5c02cc983091ecad1c1bd0ed995d4181166674409a6b9d75dda87,1004056,"0,04634","80,89",2023-06-11 12:52:29
0xedfd69f4aa61505386d95a19ad57402cad9733827c0163d77b810683faf67282,1004058,"0,00029","0,51",2023-06-11 12:51:17
0x657635163f1ac91804dde149d37aee8935c91d558a4e4991f90ad943c8165e2b,1004022,"0,00017346","0,3",2023-06-11 12:50:23
0x9fa8df8f157e8477b430d2b17323b0f3a696470b26be1edbc919c048a811ac5a,1004037,"0,00027","0,47",2023-06-11 12:50:11
0xf6854596516a512c9bb2597956897a54629f279ef2b962f1967e86f74c33cd26,1004026,"0,00304","5,31",2023-06-11 12:45:35
0x3be932eecdb69a9d320967914796c98d541b103970b309a3e272fada03844462,1004037,"0,00025","0,44",2023-06-11 12:44:29
0x6e642c4392721f3cd2a36a0a2f2167712b3e4f29d34540860846e8f68b88bf0b,1004038,"0,00308","5,38",2023-06-11 12:41:59
0x1cbb38bb6b8177b80704273603b7e9595a1a899e60d10f843f8c723ad9c50fac,1004018,"0,003235","5,65",2023-06-11 12:40:20
0x8ad855f920ee0f7a8880c4a276fbf253739145135c47c870a2f1d3cc7b5f078b,1004060,"0,003209","5,6",2023-06-11 12:39:41
0xc6248998cba3c629941ad6fb05365c6f0c5654cca98e672bfa17ea9a9dc7587d,1004030,"0,00048","0,84",2023-06-11 12:39:17
0x1d096c8f4cf499ea4852f0f50e0eb11827af7f875348151d297927e242846a66,1004059,"0,0028","4,89",2023-06-11 12:38:17
0x6c0ac31d9b8fa72650ca3d98caf700fd1e2ff6c2536b991d4f11d0547654f985,1004037,"0,00025","0,44",2023-06-11 12:38:02
0xa7c9928b72e864056efe4bfb89cd92f0fff501c29e364234f3e6cd320d5dc21f,1004012,"0,00341","5,95",2023-06-11 12:36:38
0xc14514d5c90a1021bec6895acaa11e50e7581cdf5090ad9820e1c2212fd15001,1004066,"0,00332","5,8",2023-06-11 12:34:50
0xebd8092c546d7822b008f79b20663d0a0d8f28ef7a60d06bbd3d55643093c3c2,1004060,"0,003189","5,57",2023-06-11 12:30:47
0xe91ceddb273992855a28c8b0d05cb9e6f163d8bce80262252c7f5e6bb531729d,1004027,"0,0095","16,58",2023-06-11 12:29:47
0x5279227b16c988d58c53c44ae9a5faee75f28bfa5fe20cdd389ebbc4ae8397b7,1004048,"0,03287548","57,39",2023-06-11 12:29:11
0x8f95d2e92bb44ac9d074b3d99a2b0f0dcabe628c9d5e34c3c2d5e735d16be780,1004013,"0,0285","49,75",2023-06-11 12:21:35
0xf193f72598eaf8f128a930f2fae9838a104faf7aedc1456f5d662683ea284751,1004034,"0,0184","32,12",2023-06-11 12:21:05
0xc4a0cc4737b378a85dcb008b8385a8d21f582719768a8da7dfc6b7bed819c67b,1004012,"0,00315","5,5",2023-06-11 12:20:29
0x85193bf472e29ed4d1332a1615c2607314c31a946578776e5b7de285fee0310a,1004007,"0,00854424","14,92",2023-06-11 12:18:56
0x2b97387bf863b3cf53d0875502452d6e613920a0f1c0ac89dc4304c70288fb25,1004014,"0,015","26,18",2023-06-11 12:16:05
0xd1057a54dede67c7070ca9d7e649641705d0d2339b3d0d96b6efae3ea57a078c,1004060,"0,00318","5,55",2023-06-11 12:14:32
0x9cf20c8b52ede3d086246774227471946ee20b53588a3e8678497cac1c5818d7,1004012,"0,00341","5,95",2023-06-11 12:11:32
0xeb54a1ca8170a3d685dae1ede55e134f55a05ee2172cacb70138794c2bfb34ce,1004049,"0,0145","25,31",2023-06-11 12:06:08
0xf606581a0bc8acf581cb8cd1d9055a99503e6305c39104578825981c775d22fc,1004018,"0,0032","5,59",2023-06-11 12:05:14
0x9cd0d71066a6b40788cc51a3c1e4aaedf256cafa26872941b540381f502d2636,1004020,"0,039","68,08",2023-06-11 11:59:02
0xc541473f73e4bd639b96e62d1cbeb014897e9b172cde2fc714656b6fe0e0a6b8,1004053,"0,00304","5,31",2023-06-11 11:56:20
0x1015a6d38c6e02d1113f099b12c93860d1285932bf346bf4b53feb4e6f9daf68,1004017,"0,00317","5,53",2023-06-11 11:55:20
0x6867895f2b8209b61e286e0f70cab5729cfd83e23e9b991345ac66dcf101650a,1004032,"0,00307852","5,37",2023-06-11 11:52:20
0x873cb9174f5b4c73be90975eaad8307917e583a74487137958cab46c90dbcf95,1004041,"0,012805","22,35",2023-06-11 11:49:44
0x4fa6f74ff60e513ec78422463c4ef4aa6e06812898906199c85beb323feeb212,1004055,"0,0120006","20,95",2023-06-11 11:48:35
0xfa87c6d32ef1a55a8abdefef24508e10f39d88ef31c48f7648c6af7595867f0a,1004012,"0,0033","5,76",2023-06-11 11:45:14
0x43db5daddc116460ed0d1769ae95633cb4e6644f05e00c32c1808d91a97fc840,1004055,"0,01169","20,41",2023-06-11 11:42:41
0xad3884ec43662becd7237878a9d5770db271f1fb76615b7e064cabdc1bc0c7cb,1004055,"0,01154","20,14",2023-06-11 11:41:38
0xbc227b4e9c364ab7a123d37af57d5a22b7b16aec8ccdb31cde83fb51b06ea636,1004053,"0,00303","5,29",2023-06-11 11:41:17
0x141a8294c5388caea7d1b0c6b6272ab1b2a5e6d79e3025a88498a75b83de9fff,1004055,"0,0107","18,68",2023-06-11 11:40:13
0x2d0b41fbfcd37fce07eb3ed7c68f47cdec947d46182fb1ffac773f97ad11f9f4,1004020,"0,03947187","68,9",2023-06-11 11:39:45
0xd6d2a96e32ab965b9281516b8859cf1278d57c6471a3e221e850aa3a6223f794,1004031,"0,00146086","2,55",2023-06-11 11:35:06
0xaf58225e031581d0812ea6ab514dc5dd376fc721946ab1dac06e8d2cd8f0a92f,1004069,"0,0265","46,26",2023-06-11 11:27:50
0xf30c92e5be3bf63c4156d938fcffb13c4cef6bf6cd8a9b9c1035a5444ed27229,1004005,"0,0031","5,41",2023-06-11 11:26:56
0xa3fb8679676eb10c3331e8e32a4eb74b1c2135afd04ce6d85a0e0c81e93f7863,1004055,"0,0115","20,08",2023-06-11 11:26:32
0x229cafc567a3327752dd5a4ccbda84af38053b7ef2e810cbab4fcf86130c2592,1004066,"0,0033","5,76",2023-06-11 11:25:41
0x11bc786d42ae81122680aa7eeb883fb01fccd80e17fac5173da15c0a610b2932,1004046,"0,00279825","4,88",2023-06-11 11:24:56
0x59fb3fe2cfc957cb82579a6c86ee2a6a174ae18eadba8006301a1bd957264de7,1004041,"0,00129","2,25",2023-06-11 11:24:44
0x318594a0648cd6312ae2aaf4ec685390364daf046bc85dcbbadb7d4f43b40607,1004053,"0,00301","5,25",2023-06-11 11:23:38
0xdf24edd2bc4b64e177fbffcb336f0465a73fcd465dc1d3aade4e718cfef351e0,1004041,"0,01299999","22,69",2023-06-11 11:22:14
0xede98bd7dce9dcb61cd89db8a2d26c5de27a67d254a8104cf7ccdac5e5d38f20,1004037,"0,000249","0,43",2023-06-11 11:20:14
0x84ad9227f4f5a99ada9911c4243536b651b4a01beab0fc6ced27fffe89616cd1,1004020,"0,037","64,59",2023-06-11 11:18:50
0x6483d7d203dd5d16dd316e78bb0dd7839cedf7c8ad6535b4459c022b72c754de,1004011,"0,00339242","5,92",2023-06-11 11:17:14
0xca0d08e4b42ae634b19fd040c9db6de8e880df09daa119e1cf818fbcdf0cfe62,1004007,"0,008","13,97",2023-06-11 11:14:23
0xbe439a4450aade2148e8fadcc9d3fcae216708522e5251c04c43eb174d251132,1004016,"0,00050831","0,89",2023-06-11 11:08:38
0xdc29aa2b35b6fe1e19bae441644378874e916ed5508c1c7e732eec02c32db09f,1004068,"0,0032","5,59",2023-06-11 11:07:29
0x394c262b7df1fe9edf6e2464c5ad05ca1dc669a033f1a8598b2a6e71e1e281eb,1004066,"0,0031","5,41",2023-06-11 11:06:53
0x3b6046589654f3c4a798beee448344e3d9367af22304bd3c272403f403c63cba,1004068,"0,0032","5,59",2023-06-11 11:01:08
0xfb86b7d3fdbc18d0741802230955d51451ca3c953a2b8db95de8970159c3be7d,1004008,"0,00054403","0,95",2023-06-11 10:54:56
0x1a6be78e258bf4e84a21439f7590d09cfb9e8fb7770641b91ed6ecef77aa442c,1004066,"0,00330106","5,76",2023-06-11 10:54:47
0x6ab4882c9605b3f881ea87ce4c2fe6dc5a6603fbc37ec2c34a9e4e2c29ef6c1e,1004048,"0,032","55,86",2023-06-11 10:53:53
0x38e68c2add74b8a9f5339c5df8e94ce0085926842bcb6ecc98b3d4f0318b8998,1004053,"0,00303","5,29",2023-06-11 10:32:44
0xac0bfb598786672141528aa93b7d0dc6d8aa054658d1d9fba64cc72ca074c066,1004020,"0,03963784","69,19",2023-06-11 10:32:11
0xe64ef4242b6f8d71430026801a5cae79dc8d888c36cd852bcce6960a367f67b0,1004033,"0,003148","5,5",2023-06-11 10:24:26
0x58585a9bdb897c7e1fea14bd4415b30462b135318d21884fce5948b704027be1,1004041,"0,0125","21,82",2023-06-11 10:23:32
0x85bc0e6d91d5327aec6f8aba24d8df1d82ee765d8a0c69f0306327c1f1e10cbf,1004039,"0,00315","5,5",2023-06-11 10:23:08
0x8309f0c1443bb00122e18488a8f9147534a150ea49c2215c6f829097e20bc89e,1004021,"0,01","17,46",2023-06-11 10:22:02
0x0bbcfc294bbd16dd4327b5c87532d8c0e174a23e9f8877176f4d59f3e9adf82e,1004004,"0,00312","5,45",2023-06-11 10:20:47
0x4d0726702890dd367b38ede24400659aa1e0bc10b2a1952d06502cd1fa1c8846,1004031,"0,00162722","2,84",2023-06-11 10:04:50
0x2feebd3f6e599efdb8d35c7b7d5779c548bf1321226f14b769111d35cc89ec6b,1004053,"0,00303","5,29",2023-06-11 10:03:47
0x93fbfd303a1af84de1e63ef85daf56c88916c47d6febf144ea24aac5363fa214,1004034,"0,0199","34,74",2023-06-11 09:52:44
0x02b2eb293615091f72ab5212528babe408b5247add10e5f09eddfd732583dd15,1004056,"0,045","78,55",2023-06-11 09:46:05
0x65f37f107aa81b16ca8509f6a44732c087b873cd13f8006aa18aba69d6752568,1004066,"0,00316652","5,53",2023-06-11 09:40:11
0x7c5684866f8765443e5d2855efaa93deacc8ae5f081c4284064e055ae8d42aae,1004005,"0,00309","5,39",2023-06-11 09:34:32
0xaaf3db7e114aef16cb7fca860dae863058303d81cbb770d30c58d5530c51be33,1004049,"0,0165","28,8",2023-06-11 09:30:14
0x1ccd614a45614216df6ae9cc60c373e7c5771a12254cc6489d3572675e830e31,1004018,"0,0031175","5,44",2023-06-11 09:29:56
0xb642452cb9859dd8f5fcf4d0cb9a6ed4ec028cb10be52ec1f5e37ee1d481fbb5,1004018,"0,0031","5,41",2023-06-11 09:28:56
0xda00b702829780e4fabcf40344431dc672f6b2c59f231f5a112aa51f66d1804a,1004020,"0,03976405","69,41",2023-06-11 09:27:17
0x641716da86e38df90fd946564daae9dac102cedf16fd03059e8f765d6b7b426f,1004060,"0,00319999","5,59",2023-06-11 09:16:17
0x67150e6c24e0507963eefe5dd216a649b7b77d949d60791d2cde5284c6f176ab,1004048,"0,031","54,12",2023-06-11 09:09:32
0xa0e04333e406af599f7146fb2c84a1b9a84908581548ad15dee5c33dfe1c50c3,1004069,"0,02680012","46,78",2023-06-11 09:09:20
0x5ffdcbd09b808d9e14e7249a7848c69df51637d9ce840617ea1a2fe8943fc975,1004041,"0,01099","19,18",2023-06-11 09:07:11
0xac6cec16045f0470de0e2378b3a30542ca02c9cbdf5358923b903a9fb5007a1f,1004061,"0,00306","5,34",2023-06-11 09:00:53
0x9491a7827e758d701dabfec2db2ed337ffd21d7ed528db9175d931b65d914dc1,1004066,"0,0031","5,41",2023-06-11 08:58:11
0x5273362da9255f2f77e2b71211ae0a41f2fafde2f8382a89dd7c3c8d101e5f32,1004068,"0,003196","5,58",2023-06-11 08:56:11
0x2d01e3e605ee2fdc2555e4577b9856596718fb647122d2c6ef241322fb178976,1004026,"0,003","5,24",2023-06-11 08:49:53
0xca0198bd8321fb93f0f0663f85571c77f7152528b4ac786d972064ee6854251b,1004017,"0,00304108","5,31",2023-06-11 08:46:35
0x1e4d7538b1199ae1700f6d1f24214edbc0a747be50911f183740b3bc0c7449e8,1004066,"0,00303","5,29",2023-06-11 08:42:59
0xbca8f2169a1e0073c4161cfeb18a9dcefdf0d6d4706ba394a056b8d42259974b,1004041,"0,0105","18,33",2023-06-11 08:39:44
0x6f5d957ebf6c6b6916dbbf9f17ceb0f76c4e49b29850da3cdd25ad89c93dc2d4,1004041,"0,0104","18,15",2023-06-11 08:39:26
0x837d37035a96c51639f2a1f9e5743e33c7a0dc50695c1557bc14c4cbca4eb45f,1004034,"0,02","34,91",2023-06-11 08:30:41
0xa34d7666f2cb7c35142c03ecef249a8ce68793e21e08382a620dd30d66df2f4e,1004056,"0,0442085","77,17",2023-06-11 08:29:38
0x11e4ce144ca8e047bdd2630011afbd4f2b42b35ecb7dc33f45689b47535e77af,1004005,"0,00307","5,36",2023-06-11 08:27:56
0xe7002eb3faca4da6a7685e894ee415b32f7c0520e7acbd4d354980d591a09b27,1004023,"0,00025","0,44",2023-06-11 08:27:08
0x540e558914b940ef248ce577da3365e03f4bad24fe598a012172ae682d72e5c2,1004056,"0,04348","75,9",2023-06-11 08:25:29
0x1dbe02311e7e0e2c8287b46bac1f166214383ec5e9bf59b23742bc9dff1c4b53,1004062,"0,05","87,28",2023-06-11 08:25:17
0x9e7d516faa0acadd492dff132e344bad34839543ebf433e1d1046e45ba952da7,1004003,"0,003","5,24",2023-06-11 08:21:35
0x726abb5383d3e5e537f822a6c3d58dacc9a7d4b7230586cab5b250d6257d6c59,1004005,"0,00306","5,34",2023-06-11 08:21:14
